Category	Prop._SNPs	Prop._h2	Prop._h2_std_error	Enrichment	Enrichment_std_error	Enrichment_p	Coefficient	Coefficient_std_error	Coefficient_z-score
LGE	0.06482044850674172	0.11837622608917901	0.008027949397027887	1.8262173251835363	0.1238490257621857	2.0704412565533378e-10	2.2825060673936094e-08	6.913498812939516e-09	3.3015208784322074
MGE	0.05623688279410095	0.11044527295884854	0.007613240217515693	1.9639294973588732	0.13537806221212345	1.7605886695495754e-11	3.0309952390894915e-08	7.22188535764282e-09	4.196958396579685
CGE	0.041428688615754085	0.08743211362813588	0.0068217074152760356	2.110424359290197	0.16466143735676791	1.343057980068314e-11	3.099610613641308e-08	8.166069571418547e-09	3.795719086805266
Microglia	0.028459230830783073	0.029805369988785458	0.0041877438448786695	1.0473006163099223	0.14714887657290354	0.7482450050105474	-2.7103060456733692e-08	7.390700759524361e-09	-3.6671841194227905
progenitor	0.03178459088241062	0.03322109543422238	0.004249368777068392	1.0451949989580238	0.13369273157515973	0.7350368421819979	-2.1401149339787494e-08	6.779087088726132e-09	-3.156936776247997
OPC	0.06681049775723144	0.09803096966250813	0.00697403201588642	1.4672988969296736	0.10438527252450479	9.62844596471878e-06	4.183152159784502e-09	5.713941865563204e-09	0.732095680741089
Endothelial	0.04562669776129105	0.05552040137101141	0.007826054600692309	1.216840229408713	0.17152358125140948	0.21309934896172195	-1.7100572684742988e-08	8.720943150677257e-09	-1.960862763268326
