Category	Prop._SNPs	Prop._h2	Prop._h2_std_error	Enrichment	Enrichment_std_error	Enrichment_p	Coefficient	Coefficient_std_error	Coefficient_z-score
LGE	0.06482044850674172	0.05280269257036639	0.004154886378019935	0.8145993091188591	0.06409838984048068	0.004737007306389118	-2.7364641802892117e-08	6.833845291913233e-09	-4.00428172339134
MGE	0.05623688279410095	0.05544428115865072	0.004760938352222892	0.9859060176156605	0.08465864599312922	0.8678637298786733	-1.4842079775617446e-08	8.242780939295472e-09	-1.800615579247218
CGE	0.041428688615754085	0.05685597784277474	0.0058216370173179285	1.372381790070809	0.14052187534374755	0.008545571696994811	-7.82220583013442e-09	1.1910767488755252e-08	-0.6567339877568115
Microglia	0.028459230830783073	0.05779397434493807	0.011927414237432776	2.0307637507344336	0.4191052916486916	0.015241141042069884	2.686083352993629e-09	3.708328626934118e-08	0.07243380032406577
progenitor	0.03178459088241062	0.05289270798814547	0.006497926548623957	1.6640990656077925	0.20443637524432842	0.0012791957781616659	1.6262659781156206e-08	1.8586469891444806e-08	0.874973024793792
OPC	0.06681049775723144	0.07095029398051263	0.009610878030745304	1.0619632597009518	0.14385281285686935	0.6668364718216342	2.1599232659366614e-09	1.3368827187829965e-08	0.16156415484994097
Endothelial	0.04562669776129105	0.08660349428947342	0.0069893217882884065	1.8980881487975318	0.1531849143423663	1.113418705170037e-08	2.0985511185147638e-08	1.3866757023923769e-08	1.5133683491347085
